S.No,Name of City,State,
1,Port Blair,Andaman and Nicobar Islands,"'Assam',
'Andhra Pradesh',
'Odisha',
'Punjab',
'Delhi',
'Gujarat',
'Karnataka',
'Haryana',
'Rajasthan',
'Himachal Pradesh',
'Uttarakhand',
'Jharkhand',
'Chhattisgarh',
'Kerala',
'Tamil Nadu',
'Madhya Pradesh',
'West Bengal',
'Bihar',
'Maharashtra',
'Uttar Pradesh',
'Chandigarh',
'Telangana',
'Jammu and Kashmir',
'Tripura',
'Meghalaya',
'Goa',
'Arunachal Pradesh',
'Manipur',
'Mizoram',
'Sikkim',
'Puducherry',
'Nagaland',
'Andaman and Nicobar Islands',
'Dadra and Nagar Haveli',
'Daman and Diu',
'Lakshadweep'"
2,Visakhapatnam,Andhra Pradesh,
3,Vijayawada,Andhra Pradesh,
4,Guntur,Andhra Pradesh,
5,Nellore,Andhra Pradesh,
6,Kurnool,Andhra Pradesh,
7,Rajahmundry,Andhra Pradesh,
8,Kakinada,Andhra Pradesh,
9,Tirupati,Andhra Pradesh,
10,Anantapur,Andhra Pradesh,
11,Kadapa,Andhra Pradesh,
12,Vizianagaram,Andhra Pradesh,
13,Eluru,Andhra Pradesh,
14,Ongole,Andhra Pradesh,
15,Nandyal,Andhra Pradesh,
16,Machilipatnam,Andhra Pradesh,
17,Adoni,Andhra Pradesh,
18,Tenali,Andhra Pradesh,
19,Chittoor,Andhra Pradesh,
20,Hindupur,Andhra Pradesh,
21,Proddatur,Andhra Pradesh,
22,Bhimavaram,Andhra Pradesh,
23,Madanapalle,Andhra Pradesh,
24,Guntakal,Andhra Pradesh,
25,Dharmavaram,Andhra Pradesh,
26,Gudivada,Andhra Pradesh,
27,Srikakulam,Andhra Pradesh,
28,Narasaraopet,Andhra Pradesh,
29,Rajampet,Andhra Pradesh,
30,Tadpatri,Andhra Pradesh,
31,Tadepalligudem,Andhra Pradesh,
32,Chilakaluripet,Andhra Pradesh,
33,Yemmiganur,Andhra Pradesh,
34,Kadiri,Andhra Pradesh,
35,Chirala,Andhra Pradesh,
36,Anakapalle,Andhra Pradesh,
37,Kavali,Andhra Pradesh,
38,Palacole,Andhra Pradesh,
39,Sullurpeta,Andhra Pradesh,
40,Tanuku,Andhra Pradesh,
41,Rayachoti,Andhra Pradesh,
42,Srikalahasti,Andhra Pradesh,
43,Bapatla,Andhra Pradesh,
44,Naidupet,Andhra Pradesh,
45,Nagari,Andhra Pradesh,
46,Gudur,Andhra Pradesh,
47,Vinukonda,Andhra Pradesh,
48,Narasapuram,Andhra Pradesh,
49,Nuzvid,Andhra Pradesh,
50,Markapur,Andhra Pradesh,
51,Ponnur,Andhra Pradesh,
52,Kandukur,Andhra Pradesh,
53,Bobbili,Andhra Pradesh,
54,Rayadurg,Andhra Pradesh,
55,Samalkot,Andhra Pradesh,
56,Jaggaiahpet,Andhra Pradesh,
57,Tuni,Andhra Pradesh,
58,Amalapuram,Andhra Pradesh,
59,Bheemunipatnam,Andhra Pradesh,
60,Venkatagiri,Andhra Pradesh,
61,Sattenapalle,Andhra Pradesh,
62,Pithapuram,Andhra Pradesh,
63,Palasa Kasibugga,Andhra Pradesh,
64,Parvathipuram,Andhra Pradesh,
65,Macherla,Andhra Pradesh,
66,Gooty,Andhra Pradesh,
67,Salur,Andhra Pradesh,
68,Mandapeta,Andhra Pradesh,
69,Jammalamadugu,Andhra Pradesh,
70,Peddapuram,Andhra Pradesh,
71,Punganur,Andhra Pradesh,
72,Nidadavole,Andhra Pradesh,
73,Repalle,Andhra Pradesh,
74,Ramachandrapuram,Andhra Pradesh,
75,Kovvur,Andhra Pradesh,
76,Tiruvuru,Andhra Pradesh,
77,Uravakonda,Andhra Pradesh,
78,Narsipatnam,Andhra Pradesh,
79,Yerraguntla,Andhra Pradesh,
80,Pedana,Andhra Pradesh,
81,Puttur,Andhra Pradesh,
82,Renigunta,Andhra Pradesh,
83,Rajam,Andhra Pradesh,
84,Srisailam Project (Right Flank Colony) Township,Andhra Pradesh,
85,Naharlagun,Arunachal Pradesh,
86,Pasighat,Arunachal Pradesh,
87,Guwahati,Assam,
88,Silchar,Assam,
89,Dibrugarh,Assam,
90,Nagaon,Assam,
91,Tinsukia,Assam,
92,Jorhat,Assam,
93,Bongaigaon City,Assam,
94,Dhubri,Assam,
95,Diphu,Assam,
96,North Lakhimpur,Assam,
97,Tezpur,Assam,
98,Karimganj,Assam,
99,Sibsagar,Assam,
100,Goalpara,Assam,
101,Barpeta,Assam,
102,Lanka,Assam,
103,Lumding,Assam,
104,Mankachar,Assam,
105,Nalbari,Assam,
106,Rangia,Assam,
107,Margherita,Assam,
108,Mangaldoi,Assam,
109,Silapathar,Assam,
110,Mariani,Assam,
111,Marigaon,Assam,
112,Patna,Bihar,
113,Gaya,Bihar,
114,Bhagalpur,Bihar,
115,Muzaffarpur,Bihar,
116,Darbhanga,Bihar,
117,Arrah,Bihar,
118,Begusarai,Bihar,
119,Chhapra,Bihar,
120,Katihar,Bihar,
121,Munger,Bihar,
122,Purnia,Bihar,
123,Saharsa,Bihar,
124,Sasaram,Bihar,
125,Hajipur,Bihar,
126,Dehri-on-Sone,Bihar,
127,Bettiah,Bihar,
128,Motihari,Bihar,
129,Bagaha,Bihar,
130,Siwan,Bihar,
131,Kishanganj,Bihar,
132,Jamalpur,Bihar,
133,Buxar,Bihar,
134,Jehanabad,Bihar,
135,Aurangabad,Bihar,
136,Lakhisarai,Bihar,
137,Nawada,Bihar,
138,Jamui,Bihar,
139,Sitamarhi,Bihar,
140,Araria,Bihar,
141,Gopalganj,Bihar,
142,Madhubani,Bihar,
143,Masaurhi,Bihar,
144,Samastipur,Bihar,
145,Mokameh,Bihar,
146,Supaul,Bihar,
147,Dumraon,Bihar,
148,Arwal,Bihar,
149,Forbesganj,Bihar,
150,BhabUrban Agglomeration,Bihar,
151,Narkatiaganj,Bihar,
152,Naugachhia,Bihar,
153,Madhepura,Bihar,
154,Sheikhpura,Bihar,
155,Sultanganj,Bihar,
156,Raxaul Bazar,Bihar,
157,Ramnagar,Bihar,
158,Mahnar Bazar,Bihar,
159,Warisaliganj,Bihar,
160,Revelganj,Bihar,
161,Rajgir,Bihar,
162,Sonepur,Bihar,
163,Sherghati,Bihar,
164,Sugauli,Bihar,
165,Makhdumpur,Bihar,
166,Maner,Bihar,
167,Rosera,Bihar,
168,Nokha,Bihar,
169,Piro,Bihar,
170,Rafiganj,Bihar,
171,Marhaura,Bihar,
172,Mirganj,Bihar,
173,Lalganj,Bihar,
174,Murliganj,Bihar,
175,Motipur,Bihar,
176,Manihari,Bihar,
177,Sheohar,Bihar,
178,Maharajganj,Bihar,
179,Silao,Bihar,
180,Barh,Bihar,
181,Asarganj,Bihar,
182,Chandigarh,Chandigarh,
183,Raipur,Chhattisgarh,
184,Bhilai Nagar,Chhattisgarh,
185,Korba,Chhattisgarh,
186,Bilaspur,Chhattisgarh,
187,Durg,Chhattisgarh,
188,Rajnandgaon,Chhattisgarh,
189,Jagdalpur,Chhattisgarh,
190,Raigarh,Chhattisgarh,
191,Ambikapur,Chhattisgarh,
192,Mahasamund,Chhattisgarh,
193,Dhamtari,Chhattisgarh,
194,Chirmiri,Chhattisgarh,
195,Bhatapara,Chhattisgarh,
196,Dalli-Rajhara,Chhattisgarh,
197,Naila Janjgir,Chhattisgarh,
198,Tilda Newra,Chhattisgarh,
199,Mungeli,Chhattisgarh,
200,Manendragarh,Chhattisgarh,
201,Sakti,Chhattisgarh,
202,Silvassa,Dadra and Nagar Haveli,
203,Delhi,Delhi,
204,New Delhi,Delhi,
205,Marmagao,Goa,
206,Panaji,Goa,
207,Margao,Goa,
208,Mapusa,Goa,
209,Ahmedabad,Gujarat,
210,Surat,Gujarat,
211,Vadodara,Gujarat,
212,Rajkot,Gujarat,
213,Bhavnagar,Gujarat,
214,Jamnagar,Gujarat,
215,Nadiad,Gujarat,
216,Porbandar,Gujarat,
217,Anand,Gujarat,
218,Morvi,Gujarat,
219,Mahesana,Gujarat,
220,Bharuch,Gujarat,
221,Vapi,Gujarat,
222,Navsari,Gujarat,
223,Veraval,Gujarat,
224,Bhuj,Gujarat,
225,Godhra,Gujarat,
226,Palanpur,Gujarat,
227,Valsad,Gujarat,
228,Patan,Gujarat,
229,Deesa,Gujarat,
230,Amreli,Gujarat,
231,Anjar,Gujarat,
232,Dhoraji,Gujarat,
233,Khambhat,Gujarat,
234,Mahuva,Gujarat,
235,Keshod,Gujarat,
236,Wadhwan,Gujarat,
237,Ankleshwar,Gujarat,
238,Savarkundla,Gujarat,
239,Kadi,Gujarat,
240,Visnagar,Gujarat,
241,Upleta,Gujarat,
242,Una,Gujarat,
243,Sidhpur,Gujarat,
244,Unjha,Gujarat,
245,Mangrol,Gujarat,
246,Viramgam,Gujarat,
247,Modasa,Gujarat,
248,Palitana,Gujarat,
249,Petlad,Gujarat,
250,Kapadvanj,Gujarat,
251,Sihor,Gujarat,
252,Wankaner,Gujarat,
253,Limbdi,Gujarat,
254,Mandvi,Gujarat,
255,Thangadh,Gujarat,
256,Vyara,Gujarat,
257,Padra,Gujarat,
258,Lunawada,Gujarat,
259,Rajpipla,Gujarat,
260,Vapi,Gujarat,
261,Umreth,Gujarat,
262,Sanand,Gujarat,
263,Rajula,Gujarat,
264,Radhanpur,Gujarat,
265,Mahemdabad,Gujarat,
266,Ranavav,Gujarat,
267,Tharad,Gujarat,
268,Mansa,Gujarat,
269,Umbergaon,Gujarat,
270,Talaja,Gujarat,
271,Vadnagar,Gujarat,
272,Manavadar,Gujarat,
273,Salaya,Gujarat,
274,Vijapur,Gujarat,
275,Pardi,Gujarat,
276,Rapar,Gujarat,
277,Songadh,Gujarat,
278,Lathi,Gujarat,
279,Adalaj,Gujarat,
280,Chhapra,Gujarat,
281,Faridabad,Haryana,
282,Gurgaon,Haryana,
283,Hisar,Haryana,
284,Rohtak,Haryana,
285,Panipat,Haryana,
286,Karnal,Haryana,
287,Sonipat,Haryana,
288,Yamunanagar,Haryana,
289,Panchkula,Haryana,
290,Bhiwani,Haryana,
291,Bahadurgarh,Haryana,
292,Jind,Haryana,
293,Sirsa,Haryana,
294,Thanesar,Haryana,
295,Kaithal,Haryana,
296,Palwal,Haryana,
297,Rewari,Haryana,
298,Hansi,Haryana,
299,Narnaul,Haryana,
300,Fatehabad,Haryana,
301,Gohana,Haryana,
302,Tohana,Haryana,
303,Narwana,Haryana,
304,Mandi Dabwali,Haryana,
305,Charkhi Dadri,Haryana,
306,Shahbad,Haryana,
307,Pehowa,Haryana,
308,Samalkha,Haryana,
309,Pinjore,Haryana,
310,Ladwa,Haryana,
311,Sohna,Haryana,
312,Safidon,Haryana,
313,Taraori,Haryana,
314,Mahendragarh,Haryana,
315,Ratia,Haryana,
316,Rania,Haryana,
317,Sarsod,Haryana,
318,Shimla,Himachal Pradesh,
319,Mandi,Himachal Pradesh,
320,Solan,Himachal Pradesh,
321,Nahan,Himachal Pradesh,
322,Sundarnagar,Himachal Pradesh,
323,Palampur,Himachal Pradesh,
324,Srinagar,Jammu and Kashmir,
325,Jammu,Jammu and Kashmir,
326,Baramula,Jammu and Kashmir,
327,Anantnag,Jammu and Kashmir,
328,Sopore,Jammu and Kashmir,
329,KathUrban Agglomeration,Jammu and Kashmir,
330,Rajauri,Jammu and Kashmir,
331,Punch,Jammu and Kashmir,
332,Udhampur,Jammu and Kashmir,
333,Dhanbad,Jharkhand,
334,Ranchi,Jharkhand,
335,Jamshedpur,Jharkhand,
336,Bokaro Steel City,Jharkhand,
337,Deoghar,Jharkhand,
338,Phusro,Jharkhand,
339,Adityapur,Jharkhand,
340,Hazaribag,Jharkhand,
341,Giridih,Jharkhand,
342,Ramgarh,Jharkhand,
343,Jhumri Tilaiya,Jharkhand,
344,Saunda,Jharkhand,
345,Sahibganj,Jharkhand,
346,Medininagar (Daltonganj),Jharkhand,
347,Chaibasa,Jharkhand,
348,Chatra,Jharkhand,
349,Gumia,Jharkhand,
350,Dumka,Jharkhand,
351,Madhupur,Jharkhand,
352,Chirkunda,Jharkhand,
353,Pakaur,Jharkhand,
354,Simdega,Jharkhand,
355,Musabani,Jharkhand,
356,Mihijam,Jharkhand,
357,Patratu,Jharkhand,
358,Lohardaga,Jharkhand,
359,Tenu dam-cum-Kathhara,Jharkhand,
360,Bengaluru,Karnataka,
361,Hubli-Dharwad,Karnataka,
362,Belagavi,Karnataka,
363,Mangaluru,Karnataka,
364,Davanagere,Karnataka,
365,Ballari,Karnataka,
366,Tumkur,Karnataka,
367,Shivamogga,Karnataka,
368,Raayachuru,Karnataka,
369,Robertson Pet,Karnataka,
370,Kolar,Karnataka,
371,Mandya,Karnataka,
372,Udupi,Karnataka,
373,Chikkamagaluru,Karnataka,
374,Karwar,Karnataka,
375,Ranebennuru,Karnataka,
376,Ranibennur,Karnataka,
377,Ramanagaram,Karnataka,
378,Gokak,Karnataka,
379,Yadgir,Karnataka,
380,Rabkavi Banhatti,Karnataka,
381,Shahabad,Karnataka,
382,Sirsi,Karnataka,
383,Sindhnur,Karnataka,
384,Tiptur,Karnataka,
385,Arsikere,Karnataka,
386,Nanjangud,Karnataka,
387,Sagara,Karnataka,
388,Sira,Karnataka,
389,Puttur,Karnataka,
390,Athni,Karnataka,
391,Mulbagal,Karnataka,
392,Surapura,Karnataka,
393,Siruguppa,Karnataka,
394,Mudhol,Karnataka,
395,Sidlaghatta,Karnataka,
396,Shahpur,Karnataka,
397,Saundatti-Yellamma,Karnataka,
398,Wadi,Karnataka,
399,Manvi,Karnataka,
400,Nelamangala,Karnataka,
401,Lakshmeshwar,Karnataka,
402,Ramdurg,Karnataka,
403,Nargund,Karnataka,
404,Tarikere,Karnataka,
405,Malavalli,Karnataka,
406,Savanur,Karnataka,
407,Lingsugur,Karnataka,
408,Vijayapura,Karnataka,
409,Sankeshwara,Karnataka,
410,Madikeri,Karnataka,
411,Talikota,Karnataka,
412,Sedam,Karnataka,
413,Shikaripur,Karnataka,
414,Mahalingapura,Karnataka,
415,Mudalagi,Karnataka,
416,Muddebihal,Karnataka,
417,Pavagada,Karnataka,
418,Malur,Karnataka,
419,Sindhagi,Karnataka,
420,Sanduru,Karnataka,
421,Afzalpur,Karnataka,
422,Maddur,Karnataka,
423,Madhugiri,Karnataka,
424,Tekkalakote,Karnataka,
425,Terdal,Karnataka,
426,Mudabidri,Karnataka,
427,Magadi,Karnataka,
428,Navalgund,Karnataka,
429,Shiggaon,Karnataka,
430,Shrirangapattana,Karnataka,
431,Sindagi,Karnataka,
432,Sakaleshapura,Karnataka,
433,Srinivaspur,Karnataka,
434,Ron,Karnataka,
435,Mundargi,Karnataka,
436,Sadalagi,Karnataka,
437,Piriyapatna,Karnataka,
438,Adyar,Karnataka,
439,Mysore,Karnatka,
440,Thiruvananthapuram,Kerala,
441,Kochi,Kerala,
442,Kozhikode,Kerala,
443,Kollam,Kerala,
444,Thrissur,Kerala,
445,Palakkad,Kerala,
446,Alappuzha,Kerala,
447,Malappuram,Kerala,
448,Ponnani,Kerala,
449,Vatakara,Kerala,
450,Kanhangad,Kerala,
451,Taliparamba,Kerala,
452,Koyilandy,Kerala,
453,Neyyattinkara,Kerala,
454,Kayamkulam,Kerala,
455,Nedumangad,Kerala,
456,Kannur,Kerala,
457,Tirur,Kerala,
458,Kottayam,Kerala,
459,Kasaragod,Kerala,
460,Kunnamkulam,Kerala,
461,Ottappalam,Kerala,
462,Thiruvalla,Kerala,
463,Thodupuzha,Kerala,
464,Chalakudy,Kerala,
465,Changanassery,Kerala,
466,Punalur,Kerala,
467,Nilambur,Kerala,
468,Cherthala,Kerala,
469,Perinthalmanna,Kerala,
470,Mattannur,Kerala,
471,Shoranur,Kerala,
472,Varkala,Kerala,
473,Paravoor,Kerala,
474,Pathanamthitta,Kerala,
475,Peringathur,Kerala,
476,Attingal,Kerala,
477,Kodungallur,Kerala,
478,Pappinisseri,Kerala,
479,Chittur-Thathamangalam,Kerala,
480,Muvattupuzha,Kerala,
481,Adoor,Kerala,
482,Mavelikkara,Kerala,
483,Mavoor,Kerala,
484,Perumbavoor,Kerala,
485,Vaikom,Kerala,
486,Palai,Kerala,
487,Panniyannur,Kerala,
488,Guruvayoor,Kerala,
489,Puthuppally,Kerala,
490,Panamattom,Kerala,
491,Indore,Madhya Pradesh,
492,Bhopal,Madhya Pradesh,
493,Jabalpur,Madhya Pradesh,
494,Gwalior,Madhya Pradesh,
495,Ujjain,Madhya Pradesh,
496,Sagar,Madhya Pradesh,
497,Ratlam,Madhya Pradesh,
498,Satna,Madhya Pradesh,
499,Murwara (Katni),Madhya Pradesh,
500,Morena,Madhya Pradesh,
501,Singrauli,Madhya Pradesh,
502,Rewa,Madhya Pradesh,
503,Vidisha,Madhya Pradesh,
504,Ganjbasoda,Madhya Pradesh,
505,Shivpuri,Madhya Pradesh,
506,Mandsaur,Madhya Pradesh,
507,Neemuch,Madhya Pradesh,
508,Nagda,Madhya Pradesh,
509,Itarsi,Madhya Pradesh,
510,Sarni,Madhya Pradesh,
511,Sehore,Madhya Pradesh,
512,Mhow Cantonment,Madhya Pradesh,
513,Seoni,Madhya Pradesh,
514,Balaghat,Madhya Pradesh,
515,Ashok Nagar,Madhya Pradesh,
516,Tikamgarh,Madhya Pradesh,
517,Shahdol,Madhya Pradesh,
518,Pithampur,Madhya Pradesh,
519,Alirajpur,Madhya Pradesh,
520,Mandla,Madhya Pradesh,
521,Sheopur,Madhya Pradesh,
522,Shajapur,Madhya Pradesh,
523,Panna,Madhya Pradesh,
524,Raghogarh-Vijaypur,Madhya Pradesh,
525,Sendhwa,Madhya Pradesh,
526,Sidhi,Madhya Pradesh,
527,Pipariya,Madhya Pradesh,
528,Shujalpur,Madhya Pradesh,
529,Sironj,Madhya Pradesh,
530,Pandhurna,Madhya Pradesh,
531,Nowgong,Madhya Pradesh,
532,Mandideep,Madhya Pradesh,
533,Sihora,Madhya Pradesh,
534,Raisen,Madhya Pradesh,
535,Lahar,Madhya Pradesh,
536,Maihar,Madhya Pradesh,
537,Sanawad,Madhya Pradesh,
538,Sabalgarh,Madhya Pradesh,
539,Umaria,Madhya Pradesh,
540,Porsa,Madhya Pradesh,
541,Narsinghgarh,Madhya Pradesh,
542,Malaj Khand,Madhya Pradesh,
543,Sarangpur,Madhya Pradesh,
544,Mundi,Madhya Pradesh,
545,Nepanagar,Madhya Pradesh,
546,Pasan,Madhya Pradesh,
547,Mahidpur,Madhya Pradesh,
548,Seoni-Malwa,Madhya Pradesh,
549,Rehli,Madhya Pradesh,
550,Manawar,Madhya Pradesh,
551,Rahatgarh,Madhya Pradesh,
552,Panagar,Madhya Pradesh,
553,Wara Seoni,Madhya Pradesh,
554,Tarana,Madhya Pradesh,
555,Sausar,Madhya Pradesh,
556,Rajgarh,Madhya Pradesh,
557,Niwari,Madhya Pradesh,
558,Mauganj,Madhya Pradesh,
559,Manasa,Madhya Pradesh,
560,Nainpur,Madhya Pradesh,
561,Prithvipur,Madhya Pradesh,
562,Sohagpur,Madhya Pradesh,
563,Nowrozabad (Khodargama),Madhya Pradesh,
564,Shamgarh,Madhya Pradesh,
565,Maharajpur,Madhya Pradesh,
566,Multai,Madhya Pradesh,
567,Pali,Madhya Pradesh,
568,Pachore,Madhya Pradesh,
569,Rau,Madhya Pradesh,
570,Mhowgaon,Madhya Pradesh,
571,Vijaypur,Madhya Pradesh,
572,Narsinghgarh,Madhya Pradesh,
573,Mumbai,Maharashtra,
574,Pune,Maharashtra,
575,Nagpur,Maharashtra,
576,Thane,Maharashtra,
577,Nashik,Maharashtra,
578,Kalyan-Dombivali,Maharashtra,
579,Vasai-Virar,Maharashtra,
580,Solapur,Maharashtra,
581,Mira-Bhayandar,Maharashtra,
582,Bhiwandi,Maharashtra,
583,Amravati,Maharashtra,
584,Nanded-Waghala,Maharashtra,
585,Sangli,Maharashtra,
586,Malegaon,Maharashtra,
587,Akola,Maharashtra,
588,Latur,Maharashtra,
589,Dhule,Maharashtra,
590,Ahmednagar,Maharashtra,
591,Ichalkaranji,Maharashtra,
592,Parbhani,Maharashtra,
593,Panvel,Maharashtra,
594,Yavatmal,Maharashtra,
595,Achalpur,Maharashtra,
596,Osmanabad,Maharashtra,
597,Nandurbar,Maharashtra,
598,Satara,Maharashtra,
599,Wardha,Maharashtra,
600,Udgir,Maharashtra,
601,Aurangabad,Maharashtra,
602,Amalner,Maharashtra,
603,Akot,Maharashtra,
604,Pandharpur,Maharashtra,
605,Shrirampur,Maharashtra,
606,Parli,Maharashtra,
607,Washim,Maharashtra,
608,Ambejogai,Maharashtra,
609,Manmad,Maharashtra,
610,Ratnagiri,Maharashtra,
611,Uran Islampur,Maharashtra,
612,Pusad,Maharashtra,
613,Sangamner,Maharashtra,
614,Shirpur-Warwade,Maharashtra,
615,Malkapur,Maharashtra,
616,Wani,Maharashtra,
617,Lonavla,Maharashtra,
618,Talegaon Dabhade,Maharashtra,
619,Anjangaon,Maharashtra,
620,Umred,Maharashtra,
621,Palghar,Maharashtra,
622,Shegaon,Maharashtra,
623,Ozar,Maharashtra,
624,Phaltan,Maharashtra,
625,Yevla,Maharashtra,
626,Shahade,Maharashtra,
627,Vita,Maharashtra,
628,Umarkhed,Maharashtra,
629,Warora,Maharashtra,
630,Pachora,Maharashtra,
631,Tumsar,Maharashtra,
632,Manjlegaon,Maharashtra,
633,Sillod,Maharashtra,
634,Arvi,Maharashtra,
635,Nandura,Maharashtra,
636,Vaijapur,Maharashtra,
637,Wadgaon Road,Maharashtra,
638,Sailu,Maharashtra,
639,Murtijapur,Maharashtra,
640,Tasgaon,Maharashtra,
641,Mehkar,Maharashtra,
642,Yawal,Maharashtra,
643,Pulgaon,Maharashtra,
644,Nilanga,Maharashtra,
645,Wai,Maharashtra,
646,Umarga,Maharashtra,
647,Paithan,Maharashtra,
648,Rahuri,Maharashtra,
649,Nawapur,Maharashtra,
650,Tuljapur,Maharashtra,
651,Morshi,Maharashtra,
652,Purna,Maharashtra,
653,Satana,Maharashtra,
654,Pathri,Maharashtra,
655,Sinnar,Maharashtra,
656,Uchgaon,Maharashtra,
657,Uran,Maharashtra,
658,Pen,Maharashtra,
659,Karjat,Maharashtra,
660,Manwath,Maharashtra,
661,Partur,Maharashtra,
662,Sangole,Maharashtra,
663,Mangrulpir,Maharashtra,
664,Risod,Maharashtra,
665,Shirur,Maharashtra,
666,Savner,Maharashtra,
667,Sasvad,Maharashtra,
668,Pandharkaoda,Maharashtra,
669,Talode,Maharashtra,
670,Shrigonda,Maharashtra,
671,Shirdi,Maharashtra,
672,Raver,Maharashtra,
673,Mukhed,Maharashtra,
674,Rajura,Maharashtra,
675,Vadgaon Kasba,Maharashtra,
676,Tirora,Maharashtra,
677,Mahad,Maharashtra,
678,Lonar,Maharashtra,
679,Sawantwadi,Maharashtra,
680,Pathardi,Maharashtra,
681,Pauni,Maharashtra,
682,Ramtek,Maharashtra,
683,Mul,Maharashtra,
684,Soyagaon,Maharashtra,
685,Mangalvedhe,Maharashtra,
686,Narkhed,Maharashtra,
687,Shendurjana,Maharashtra,
688,Patur,Maharashtra,
689,Mhaswad,Maharashtra,
690,Loha,Maharashtra,
691,Nandgaon,Maharashtra,
692,Warud,Maharashtra,
693,Imphal,Manipur,
694,Thoubal,Manipur,
695,Lilong,Manipur,
696,Mayang Imphal,Manipur,
697,Shillong,Meghalaya,
698,Tura,Meghalaya,
699,Nongstoin,Meghalaya,
700,Aizawl,Mizoram,
701,Lunglei,Mizoram,
702,Saiha,Mizoram,
703,Dimapur,Nagaland,
704,Kohima,Nagaland,
705,Zunheboto,Nagaland,
706,Tuensang,Nagaland,
707,Wokha,Nagaland,
708,Mokokchung,Nagaland,
709,Bhubaneswar,Odisha,
710,Cuttack,Odisha,
711,Raurkela,Odisha,
712,Brahmapur,Odisha,
713,Sambalpur,Odisha,
714,Puri,Odisha,
715,Baleshwar Town,Odisha,
716,Baripada Town,Odisha,
717,Bhadrak,Odisha,
718,Balangir,Odisha,
719,Jharsuguda,Odisha,
720,Bargarh,Odisha,
721,Paradip,Odisha,
722,Bhawanipatna,Odisha,
723,Dhenkanal,Odisha,
724,Barbil,Odisha,
725,Kendujhar,Odisha,
726,Sunabeda,Odisha,
727,Rayagada,Odisha,
728,Jatani,Odisha,
729,Byasanagar,Odisha,
730,Kendrapara,Odisha,
731,Rajagangapur,Odisha,
732,Parlakhemundi,Odisha,
733,Talcher,Odisha,
734,Sundargarh,Odisha,
735,Phulabani,Odisha,
736,Pattamundai,Odisha,
737,Titlagarh,Odisha,
738,Nabarangapur,Odisha,
739,Soro,Odisha,
740,Malkangiri,Odisha,
741,Rairangpur,Odisha,
742,Tarbha,Odisha,
743,Pondicherry,Puducherry,
744,Karaikal,Puducherry,
745,Yanam,Puducherry,
746,Mahe,Puducherry,
747,Ludhiana,Punjab,
748,Patiala,Punjab,
749,Amritsar,Punjab,
750,Jalandhar,Punjab,
751,Bathinda,Punjab,
752,Pathankot,Punjab,
753,Hoshiarpur,Punjab,
754,Batala,Punjab,
755,Moga,Punjab,
756,Malerkotla,Punjab,
757,Khanna,Punjab,
758,Mohali,Punjab,
759,Barnala,Punjab,
760,Firozpur,Punjab,
761,Phagwara,Punjab,
762,Kapurthala,Punjab,
763,Zirakpur,Punjab,
764,Kot Kapura,Punjab,
765,Faridkot,Punjab,
766,Muktsar,Punjab,
767,Rajpura,Punjab,
768,Sangrur,Punjab,
769,Fazilka,Punjab,
770,Gurdaspur,Punjab,
771,Kharar,Punjab,
772,Gobindgarh,Punjab,
773,Mansa,Punjab,
774,Malout,Punjab,
775,Nabha,Punjab,
776,Tarn Taran,Punjab,
777,Jagraon,Punjab,
778,Sunam,Punjab,
779,Dhuri,Punjab,
780,Firozpur Cantt.,Punjab,
781,Sirhind Fatehgarh Sahib,Punjab,
782,Rupnagar,Punjab,
783,Jalandhar Cantt.,Punjab,
784,Samana,Punjab,
785,Nawanshahr,Punjab,
786,Rampura Phul,Punjab,
787,Nangal,Punjab,
788,Nakodar,Punjab,
789,Zira,Punjab,
790,Patti,Punjab,
791,Raikot,Punjab,
792,Longowal,Punjab,
793,Urmar Tanda,Punjab,
794,"Morinda, India",Punjab,
795,Phillaur,Punjab,
796,Pattran,Punjab,
797,Qadian,Punjab,
798,Sujanpur,Punjab,
799,Mukerian,Punjab,
800,Talwara,Punjab,
801,Jaipur,Rajasthan,
802,Jodhpur,Rajasthan,
803,Bikaner,Rajasthan,
804,Udaipur,Rajasthan,
805,Ajmer,Rajasthan,
806,Bhilwara,Rajasthan,
807,Alwar,Rajasthan,
808,Bharatpur,Rajasthan,
809,Pali,Rajasthan,
810,Barmer,Rajasthan,
811,Sikar,Rajasthan,
812,Tonk,Rajasthan,
813,Sadulpur,Rajasthan,
814,Sawai Madhopur,Rajasthan,
815,Nagaur,Rajasthan,
816,Makrana,Rajasthan,
817,Sujangarh,Rajasthan,
818,Sardarshahar,Rajasthan,
819,Ladnu,Rajasthan,
820,Ratangarh,Rajasthan,
821,Nokha,Rajasthan,
822,Nimbahera,Rajasthan,
823,Suratgarh,Rajasthan,
824,Rajsamand,Rajasthan,
825,Lachhmangarh,Rajasthan,
826,Rajgarh (Churu),Rajasthan,
827,Nasirabad,Rajasthan,
828,Nohar,Rajasthan,
829,Phalodi,Rajasthan,
830,Nathdwara,Rajasthan,
831,Pilani,Rajasthan,
832,Merta City,Rajasthan,
833,Sojat,Rajasthan,
834,Neem-Ka-Thana,Rajasthan,
835,Sirohi,Rajasthan,
836,Pratapgarh,Rajasthan,
837,Rawatbhata,Rajasthan,
838,Sangaria,Rajasthan,
839,Lalsot,Rajasthan,
840,Pilibanga,Rajasthan,
841,Pipar City,Rajasthan,
842,Taranagar,Rajasthan,
843,"Vijainagar, Ajmer",Rajasthan,
844,Sumerpur,Rajasthan,
845,Sagwara,Rajasthan,
846,Ramganj Mandi,Rajasthan,
847,Lakheri,Rajasthan,
848,Udaipurwati,Rajasthan,
849,Losal,Rajasthan,
850,Sri Madhopur,Rajasthan,
851,Ramngarh,Rajasthan,
852,Rawatsar,Rajasthan,
853,Rajakhera,Rajasthan,
854,Shahpura,Rajasthan,
855,Shahpura,Rajasthan,
856,Raisinghnagar,Rajasthan,
857,Malpura,Rajasthan,
858,Nadbai,Rajasthan,
859,Sanchore,Rajasthan,
860,Nagar,Rajasthan,
861,Rajgarh (Alwar),Rajasthan,
862,Sheoganj,Rajasthan,
863,Sadri,Rajasthan,
864,Todaraisingh,Rajasthan,
865,Todabhim,Rajasthan,
866,Reengus,Rajasthan,
867,Rajaldesar,Rajasthan,
868,Sadulshahar,Rajasthan,
869,Sambhar,Rajasthan,
870,Prantij,Rajasthan,
871,Mount Abu,Rajasthan,
872,Mangrol,Rajasthan,
873,Phulera,Rajasthan,
874,Mandawa,Rajasthan,
875,Pindwara,Rajasthan,
876,Mandalgarh,Rajasthan,
877,Takhatgarh,Rajasthan,
878,Chennai,Tamil Nadu,
879,Coimbatore,Tamil Nadu,
880,Madurai,Tamil Nadu,
881,Tiruchirappalli,Tamil Nadu,
882,Salem,Tamil Nadu,
883,Tirunelveli,Tamil Nadu,
884,Tiruppur,Tamil Nadu,
885,Ranipet,Tamil Nadu,
886,Nagercoil,Tamil Nadu,
887,Thanjavur,Tamil Nadu,
888,Vellore,Tamil Nadu,
889,Kancheepuram,Tamil Nadu,
890,Erode,Tamil Nadu,
891,Tiruvannamalai,Tamil Nadu,
892,Pollachi,Tamil Nadu,
893,Rajapalayam,Tamil Nadu,
894,Sivakasi,Tamil Nadu,
895,Pudukkottai,Tamil Nadu,
896,Neyveli (TS),Tamil Nadu,
897,Nagapattinam,Tamil Nadu,
898,Viluppuram,Tamil Nadu,
899,Tiruchengode,Tamil Nadu,
900,Vaniyambadi,Tamil Nadu,
901,Theni Allinagaram,Tamil Nadu,
902,Udhagamandalam,Tamil Nadu,
903,Aruppukkottai,Tamil Nadu,
904,Paramakudi,Tamil Nadu,
905,Arakkonam,Tamil Nadu,
906,Virudhachalam,Tamil Nadu,
907,Srivilliputhur,Tamil Nadu,
908,Tindivanam,Tamil Nadu,
909,Virudhunagar,Tamil Nadu,
910,Karur,Tamil Nadu,
911,Valparai,Tamil Nadu,
912,Sankarankovil,Tamil Nadu,
913,Tenkasi,Tamil Nadu,
914,Palani,Tamil Nadu,
915,Pattukkottai,Tamil Nadu,
916,Tirupathur,Tamil Nadu,
917,Ramanathapuram,Tamil Nadu,
918,Udumalaipettai,Tamil Nadu,
919,Gobichettipalayam,Tamil Nadu,
920,Thiruvarur,Tamil Nadu,
921,Thiruvallur,Tamil Nadu,
922,Panruti,Tamil Nadu,
923,Namakkal,Tamil Nadu,
924,Thirumangalam,Tamil Nadu,
925,Vikramasingapuram,Tamil Nadu,
926,Nellikuppam,Tamil Nadu,
927,Rasipuram,Tamil Nadu,
928,Tiruttani,Tamil Nadu,
929,Nandivaram-Guduvancheri,Tamil Nadu,
930,Periyakulam,Tamil Nadu,
931,Pernampattu,Tamil Nadu,
932,Vellakoil,Tamil Nadu,
933,Sivaganga,Tamil Nadu,
934,Vadalur,Tamil Nadu,
935,Rameshwaram,Tamil Nadu,
936,Tiruvethipuram,Tamil Nadu,
937,Perambalur,Tamil Nadu,
938,Usilampatti,Tamil Nadu,
939,Vedaranyam,Tamil Nadu,
940,Sathyamangalam,Tamil Nadu,
941,Puliyankudi,Tamil Nadu,
942,Nanjikottai,Tamil Nadu,
943,Thuraiyur,Tamil Nadu,
944,Sirkali,Tamil Nadu,
945,Tiruchendur,Tamil Nadu,
946,Periyasemur,Tamil Nadu,
947,Sattur,Tamil Nadu,
948,Vandavasi,Tamil Nadu,
949,Tharamangalam,Tamil Nadu,
950,Tirukkoyilur,Tamil Nadu,
951,Oddanchatram,Tamil Nadu,
952,Palladam,Tamil Nadu,
953,Vadakkuvalliyur,Tamil Nadu,
954,Tirukalukundram,Tamil Nadu,
955,Uthamapalayam,Tamil Nadu,
956,Surandai,Tamil Nadu,
957,Sankari,Tamil Nadu,
958,Shenkottai,Tamil Nadu,
959,Vadipatti,Tamil Nadu,
960,Sholingur,Tamil Nadu,
961,Tirupathur,Tamil Nadu,
962,Manachanallur,Tamil Nadu,
963,Viswanatham,Tamil Nadu,
964,Polur,Tamil Nadu,
965,Panagudi,Tamil Nadu,
966,Uthiramerur,Tamil Nadu,
967,Thiruthuraipoondi,Tamil Nadu,
968,Pallapatti,Tamil Nadu,
969,Ponneri,Tamil Nadu,
970,Lalgudi,Tamil Nadu,
971,Natham,Tamil Nadu,
972,Unnamalaikadai,Tamil Nadu,
973,P.N.Patti,Tamil Nadu,
974,Tharangambadi,Tamil Nadu,
975,Tittakudi,Tamil Nadu,
976,Pacode,Tamil Nadu,
977,O' Valley,Tamil Nadu,
978,Suriyampalayam,Tamil Nadu,
979,Sholavandan,Tamil Nadu,
980,Thammampatti,Tamil Nadu,
981,Namagiripettai,Tamil Nadu,
982,Peravurani,Tamil Nadu,
983,Parangipettai,Tamil Nadu,
984,Pudupattinam,Tamil Nadu,
985,Pallikonda,Tamil Nadu,
986,Sivagiri,Tamil Nadu,
987,Punjaipugalur,Tamil Nadu,
988,Padmanabhapuram,Tamil Nadu,
989,Thirupuvanam,Tamil Nadu,
990,Hyderabad,Telangana,
991,Warangal,Telangana,
992,Nizamabad,Telangana,
993,Karimnagar,Telangana,
994,Ramagundam,Telangana,
995,Khammam,Telangana,
996,Mahbubnagar,Telangana,
997,Mancherial,Telangana,
998,Adilabad,Telangana,
999,Suryapet,Telangana,
1000,Jagtial,Telangana,
1001,Miryalaguda,Telangana,
1002,Nirmal,Telangana,
1003,Kamareddy,Telangana,
1004,Kothagudem,Telangana,
1005,Bodhan,Telangana,
1006,Palwancha,Telangana,
1007,Mandamarri,Telangana,
1008,Koratla,Telangana,
1009,Sircilla,Telangana,
1010,Tandur,Telangana,
1011,Siddipet,Telangana,
1012,Wanaparthy,Telangana,
1013,Kagaznagar,Telangana,
1014,Gadwal,Telangana,
1015,Sangareddy,Telangana,
1016,Bellampalle,Telangana,
1017,Bhongir,Telangana,
1018,Vikarabad,Telangana,
1019,Jangaon,Telangana,
1020,Bhadrachalam,Telangana,
1021,Bhainsa,Telangana,
1022,Farooqnagar,Telangana,
1023,Medak,Telangana,
1024,Narayanpet,Telangana,
1025,Sadasivpet,Telangana,
1026,Yellandu,Telangana,
1027,Manuguru,Telangana,
1028,Kyathampalle,Telangana,
1029,Nagarkurnool,Telangana,
1030,Agartala,Tripura,
1031,Udaipur,Tripura,
1032,Dharmanagar,Tripura,
1033,Pratapgarh,Tripura,
1034,Kailasahar,Tripura,
1035,Belonia,Tripura,
1036,Khowai,Tripura,
1037,Lucknow,Uttar Pradesh,
1038,Kanpur,Uttar Pradesh,
1039,Firozabad,Uttar Pradesh,
1040,Agra,Uttar Pradesh,
1041,Meerut,Uttar Pradesh,
1042,Varanasi,Uttar Pradesh,
1043,Allahabad,Uttar Pradesh,
1044,Amroha,Uttar Pradesh,
1045,Moradabad,Uttar Pradesh,
1046,Aligarh,Uttar Pradesh,
1047,Saharanpur,Uttar Pradesh,
1048,Noida,Uttar Pradesh,
1049,Loni,Uttar Pradesh,
1050,Jhansi,Uttar Pradesh,
1051,Shahjahanpur,Uttar Pradesh,
1052,Rampur,Uttar Pradesh,
1053,Modinagar,Uttar Pradesh,
1054,Hapur,Uttar Pradesh,
1055,Etawah,Uttar Pradesh,
1056,Sambhal,Uttar Pradesh,
1057,Orai,Uttar Pradesh,
1058,Bahraich,Uttar Pradesh,
1059,Unnao,Uttar Pradesh,
1060,Rae Bareli,Uttar Pradesh,
1061,Lakhimpur,Uttar Pradesh,
1062,Sitapur,Uttar Pradesh,
1063,Lalitpur,Uttar Pradesh,
1064,Pilibhit,Uttar Pradesh,
1065,Chandausi,Uttar Pradesh,
1066,Hardoi ,Uttar Pradesh,
1067,Azamgarh,Uttar Pradesh,
1068,Khair,Uttar Pradesh,
1069,Sultanpur,Uttar Pradesh,
1070,Tanda,Uttar Pradesh,
1071,Nagina,Uttar Pradesh,
1072,Shamli,Uttar Pradesh,
1073,Najibabad,Uttar Pradesh,
1074,Shikohabad,Uttar Pradesh,
1075,Sikandrabad,Uttar Pradesh,
1076,"Shahabad, Hardoi",Uttar Pradesh,
1077,Pilkhuwa,Uttar Pradesh,
1078,Renukoot,Uttar Pradesh,
1079,Vrindavan,Uttar Pradesh,
1080,Ujhani,Uttar Pradesh,
1081,Laharpur,Uttar Pradesh,
1082,Tilhar,Uttar Pradesh,
1083,Sahaswan,Uttar Pradesh,
1084,Rath,Uttar Pradesh,
1085,Sherkot,Uttar Pradesh,
1086,Kalpi,Uttar Pradesh,
1087,Tundla,Uttar Pradesh,
1088,Sandila,Uttar Pradesh,
1089,Nanpara,Uttar Pradesh,
1090,Sardhana,Uttar Pradesh,
1091,Nehtaur,Uttar Pradesh,
1092,Seohara,Uttar Pradesh,
1093,Padrauna,Uttar Pradesh,
1094,Mathura,Uttar Pradesh,
1095,Thakurdwara,Uttar Pradesh,
1096,Nawabganj,Uttar Pradesh,
1097,Siana,Uttar Pradesh,
1098,Noorpur,Uttar Pradesh,
1099,Sikandra Rao,Uttar Pradesh,
1100,Puranpur,Uttar Pradesh,
1101,Rudauli,Uttar Pradesh,
1102,Thana Bhawan,Uttar Pradesh,
1103,Palia Kalan,Uttar Pradesh,
1104,Zaidpur,Uttar Pradesh,
1105,Nautanwa,Uttar Pradesh,
1106,Zamania,Uttar Pradesh,
1107,"Shikarpur, Bulandshahr",Uttar Pradesh,
1108,Naugawan Sadat,Uttar Pradesh,
1109,Fatehpur Sikri,Uttar Pradesh,
1110,"Shahabad, Rampur",Uttar Pradesh,
1111,Robertsganj,Uttar Pradesh,
1112,Utraula,Uttar Pradesh,
1113,Sadabad,Uttar Pradesh,
1114,Rasra,Uttar Pradesh,
1115,Lar,Uttar Pradesh,
1116,Lal Gopalganj Nindaura,Uttar Pradesh,
1117,Sirsaganj,Uttar Pradesh,
1118,Pihani,Uttar Pradesh,
1119,"Shamsabad, Agra",Uttar Pradesh,
1120,Rudrapur,Uttar Pradesh,
1121,Soron,Uttar Pradesh,
1122,SUrban Agglomerationr,Uttar Pradesh,
1123,Samdhan,Uttar Pradesh,
1124,Sahjanwa,Uttar Pradesh,
1125,Rampur Maniharan,Uttar Pradesh,
1126,Sumerpur,Uttar Pradesh,
1127,Shahganj,Uttar Pradesh,
1128,Tulsipur,Uttar Pradesh,
1129,Tirwaganj,Uttar Pradesh,
1130,PurqUrban Agglomerationzi,Uttar Pradesh,
1131,"Shamsabad, Farrukhabad",Uttar Pradesh,
1132,Warhapur,Uttar Pradesh,
1133,Powayan,Uttar Pradesh,
1134,Sandi,Uttar Pradesh,
1135,Achhnera,Uttar Pradesh,
1136,Naraura,Uttar Pradesh,
1137,Nakur,Uttar Pradesh,
1138,Sahaspur,Uttar Pradesh,
1139,Safipur,Uttar Pradesh,
1140,Reoti,Uttar Pradesh,
1141,Sikanderpur,Uttar Pradesh,
1142,Saidpur,Uttar Pradesh,
1143,Sirsi,Uttar Pradesh,
1144,Purwa,Uttar Pradesh,
1145,Parasi,Uttar Pradesh,
1146,Lalganj,Uttar Pradesh,
1147,Phulpur,Uttar Pradesh,
1148,Shishgarh,Uttar Pradesh,
1149,Sahawar,Uttar Pradesh,
1150,Samthar,Uttar Pradesh,
1151,Pukhrayan,Uttar Pradesh,
1152,Obra,Uttar Pradesh,
1153,Niwai,Uttar Pradesh,
1154,Dehradun,Uttarakhand,
1155,Hardwar,Uttarakhand,
1156,Haldwani-cum-Kathgodam,Uttarakhand,
1157,Srinagar,Uttarakhand,
1158,Kashipur,Uttarakhand,
1159,Roorkee,Uttarakhand,
1160,Rudrapur,Uttarakhand,
1161,Rishikesh,Uttarakhand,
1162,Ramnagar,Uttarakhand,
1163,Pithoragarh,Uttarakhand,
1164,Manglaur,Uttarakhand,
1165,Nainital,Uttarakhand,
1166,Mussoorie,Uttarakhand,
1167,Tehri,Uttarakhand,
1168,Pauri,Uttarakhand,
1169,Nagla,Uttarakhand,
1170,Sitarganj,Uttarakhand,
1171,Bageshwar,Uttarakhand,
1172,Kolkata,West Bengal,
1173,Siliguri,West Bengal,
1174,Asansol,West Bengal,
1175,Raghunathganj,West Bengal,
1176,Kharagpur,West Bengal,
1177,Naihati,West Bengal,
1178,English Bazar,West Bengal,
1179,Baharampur,West Bengal,
1180,Hugli-Chinsurah,West Bengal,
1181,Raiganj,West Bengal,
1182,Jalpaiguri,West Bengal,
1183,Santipur,West Bengal,
1184,Balurghat,West Bengal,
1185,Medinipur,West Bengal,
1186,Habra,West Bengal,
1187,Ranaghat,West Bengal,
1188,Bankura,West Bengal,
1189,Nabadwip,West Bengal,
1190,Darjiling,West Bengal,
1191,Purulia,West Bengal,
1192,Arambagh,West Bengal,
1193,Tamluk,West Bengal,
1194,AlipurdUrban Agglomerationr,West Bengal,
1195,Suri,West Bengal,
1196,Jhargram,West Bengal,
1197,Gangarampur,West Bengal,
1198,Rampurhat,West Bengal,
1199,Kalimpong,West Bengal,
1200,Sainthia,West Bengal,
1201,Taki,West Bengal,
1202,Murshidabad,West Bengal,
1203,Memari,West Bengal,
1204,Paschim Punropara,West Bengal,
1205,Tarakeswar,West Bengal,
1206,Sonamukhi,West Bengal,
1207,PandUrban Agglomeration,West Bengal,
1208,Mainaguri,West Bengal,
1209,Malda,West Bengal,
1210,Panchla,West Bengal,
1211,Raghunathpur,West Bengal,
1212,Mathabhanga,West Bengal,
1213,Monoharpur,West Bengal,
1214,Srirampore,West Bengal,
1215,Adra,West Bengal,
"For more information, kindly visit :  www.downloadexcelfiles.com ",,,
